Workbook

Sheet Transaksi
A1: Detail Pembelian pada Setiap Produk dan Transaksi pada Setiap Cabang di 1 Januari 2017
A3: Tanggal Transaksi | B3: kode transaksi | C3: Urutan Transaksi | D3: Kode Produk | E3: Jumlah Pembelian | F3: Cabang | G3: Kategori Produk | H3: Harga | I3: Revenue
A4: 42736 | B4: CAB001-00001 | C4: 1 | D4: ATS-0004 | E4: 3 | F4: Medan | G4: Atasan | H4: 231000 | I4: 693000
A5: 42736 | B5: CAB001-00001 | C5: 2 | D5: AKS-0017 | E5: 3 | F5: Medan | G5: Aksesoris | H5: 135000 | I5: 405000
A6: 42736 | B6: CAB001-00001 | C6: 3 | D6: BWH-0009 | E6: 2 | F6: Medan | G6: Bawahan | H6: 168000 | I6: 336000
A7: 42736 | B7: CAB001-00001 | C7: 4 | D7: OLR-0023 | E7: 2 | F7: Medan | G7: Pakaian Olahraga | H7: 135000 | I7: 270000
A8: 42736 | B8: CAB001-00002 | C8: 1 | D8: ATS-0002 | E8: 2 | F8: Medan | G8: Atasan | H8: 192000 | I8: 384000
A9: 42736 | B9: CAB001-00002 | C9: 2 | D9: AKS-0017 | E9: 1 | F9: Medan | G9: Aksesoris | H9: 135000 | I9: 135000
A10: 42736 | B10: CAB001-00003 | C10: 1 | D10: BWH-0007 | E10: 1 | F10: Medan | G10: Bawahan | H10: 288000 | I10: 288000
A11: 42736 | B11: CAB001-00004 | C11: 1 | D11: OLR-0022 | E11: 1 | F11: Medan | G11: Pakaian Olahraga | H11: 231000 | I11: 231000
A12: 42736 | B12: CAB001-00005 | C12: 1 | D12: BWH-0009 | E12: 1 | F12: Medan | G12: Bawahan | H12: 168000 | I12: 168000
A13: 42736 | B13: CAB001-00005 | C13: 2 | D13: OLR-0022 | E13: 1 | F13: Medan | G13: Pakaian Olahraga | H13: 231000 | I13: 231000
A14: 42736 | B14: CAB001-00005 | C14: 3 | D14: BWH-0008 | E14: 1 | F14: Medan | G14: Bawahan | H14: 195000 | I14: 195000
A15: 42736 | B15: CAB001-00006 | C15: 1 | D15: BWH-0010 | E15: 3 | F15: Medan | G15: Bawahan | H15: 153000 | I15: 459000
... A306: 42736 | B306: CAB004-00035 | C306: 4 | D306: GUN-0012 | E306: 1 | F306: Jakarta | G306: Gaun | H306: 267000 | I306: 267000

Sheet Misi 5-1
A1: Rata-Rata Penjualan pada Tahun Baru 2017 di Tiap Cabang DQFashion
A3: Cabang | B3: Rata-Rata Penjualan
A4: Medan | B4: =AVERAGEIFS(Table_1[Revenue],Table_1[Cabang],'Misi 5-1'!A4) -> 475120
A5: Surabaya | B5: =AVERAGEIFS(Table_1[Revenue],Table_1[Cabang],'Misi 5-1'!A5) -> 473753.42
A6: Makassar | B6: =AVERAGEIFS(Table_1[Revenue],Table_1[Cabang],'Misi 5-1'!A6) -> 557493.98
A7: Jakarta | B7: =AVERAGEIFS(Table_1[Revenue],Table_1[Cabang],'Misi 5-1'!A7) -> 445791.67

Sheet Misi 5-2
A1: BACA KETENTUAN DIBAWAH !
A2: Pelanggan yang berhak mendapatkan diskon tahun baru 20% di cabang Medan | F2: Pelanggan yang berhak mendapatkan diskon tahun baru 20% di cabang Surabaya | K2: Pelanggan yang berhak mendapatkan diskon tahun baru 20% di cabang Makassar | P2: Pelanggan yang berhak mendapatkan diskon tahun baru 20% di cabang Jakarta
A5: Transaksi | B5: Jumlah Item | C5: Total Transaksi | D5: Diskon | F5: Transaksi | G5: Jumlah Item | H5: Total Transaksi | I5: Diskon | K5: Transaksi | L5: Jumlah Item | M5: Total Transaksi | N5: Diskon | P5: Transaksi | Q5: Jumlah Item | R5: Total Transaksi | S5: Diskon
A6: CAB001-00001 | B6: =SUMIFS(Table_1[Jumlah Pembelian],Table_1[kode transaksi],Table_3[[#This Row],[Transaksi]]) -> 10 | C6: =SUMIFS(Table_1[Revenue],Table_1[kode transaksi],Table_3[[#This Row],[Transaksi]]) -> 1704000 | D6: =IF(AND(C6>'Misi 5-1'!B4,B6>5),"20%","-") -> 20% | F6: CAB002-00001 | G6: =SUMIFS(Table_1[Jumlah Pembelian],Table_1[kode transaksi],Table_4[[#This Row],[Transaksi]]) -> 1 | H6: =SUMIFS(Table_1[Revenue],Table_1[kode transaksi],Table_4[[#This Row],[Transaksi]]) -> 192000 | I6: =IF(AND(H6>'Misi 5-1'!G4,G6>5),"20%","-") -> - | K6: CAB003-00001 | L6: =SUMIFS(Table_1[Jumlah Pembelian],Table_1[kode transaksi],Table_5[[#This Row],[Transaksi]]) -> 2 | M6: =SUMIFS(Table_1[Revenue],Table_1[kode transaksi],Table_5[[#This Row],[Transaksi]]) -> 270000 | N6: =IF(AND(M6>'Misi 5-1'!L4,L6>5),"20%","-") -> - | P6: CAB004-00001 | Q6: =SUMIFS(Table_1[Jumlah Pembelian],Table_1[kode transaksi],Table_6[[#This Row],[Transaksi]]) -> 4 | R6: =SUMIFS(Table_1[Revenue],Table_1[kode transaksi],Table_6[[#This Row],[Transaksi]]) -> 921000 | S6: =IF(AND(R6>'Misi 5-1'!Q4,Q6>5),"20%","-") -> -
A7: CAB001-00002 | B7: =SUMIFS(Table_1[Jumlah Pembelian],Table_1[kode transaksi],Table_3[[#This Row],[Transaksi]]) -> 3 | C7: =SUMIFS(Table_1[Revenue],Table_1[kode transaksi],Table_3[[#This Row],[Transaksi]]) -> 519000 | D7: =IF(AND(C7>'Misi 5-1'!B5,B7>5),"20%","-") -> - | F7: CAB002-00002 | G7: =SUMIFS(Table_1[Jumlah Pembelian],Table_1[kode transaksi],Table_4[[#This Row],[Transaksi]]) -> 2 | H7: =SUMIFS(Table_1[Revenue],Table_1[kode transaksi],Table_4[[#This Row],[Transaksi]]) -> 543000 | I7: =IF(AND(H7>'Misi 5-1'!G5,G7>5),"20%","-") -> - | K7: CAB003-00002 | L7: =SUMIFS(Table_1[Jumlah Pembelian],Table_1[kode transaksi],Table_5[[#This Row],[Transaksi]]) -> 4 | M7: =SUMIFS(Table_1[Revenue],Table_1[kode transaksi],Table_5[[#This Row],[Transaksi]]) -> 480000 | N7: =IF(AND(M7>'Misi 5-1'!L5,L7>5),"20%","-") -> - | P7: CAB004-00002 | Q7: =SUMIFS(Table_1[Jumlah Pembelian],Table_1[kode transaksi],Table_6[[#This Row],[Transaksi]]) -> 5 | R7: =SUMIFS(Table_1[Revenue],Table_1[kode transaksi],Table_6[[#This Row],[Transaksi]]) -> 1482000 | S7: =IF(AND(R7>'Misi 5-1'!Q5,Q7>5),"20%","-") -> -
A8: CAB001-00003 | B8: =SUMIFS(Table_1[Jumlah Pembelian],Table_1[kode transaksi],Table_3[[#This Row],[Transaksi]]) -> 1 | C8: =SUMIFS(Table_1[Revenue],Table_1[kode transaksi],Table_3[[#This Row],[Transaksi]]) -> 288000 | D8: =IF(AND(C8>'Misi 5-1'!B6,B8>5),"20%","-") -> - | F8: CAB002-00003 | G8: =SUMIFS(Table_1[Jumlah Pembelian],Table_1[kode transaksi],Table_4[[#This Row],[Transaksi]]) -> 2 | H8: =SUMIFS(Table_1[Revenue],Table_1[kode transaksi],Table_4[[#This Row],[Transaksi]]) -> 462000 | I8: =IF(AND(H8>'Misi 5-1'!G6,G8>5),"20%","-") -> - | K8: CAB003-00003 | L8: =SUMIFS(Table_1[Jumlah Pembelian],Table_1[kode transaksi],Table_5[[#This Row],[Transaksi]]) -> 3 | M8: =SUMIFS(Table_1[Revenue],Table_1[kode transaksi],Table_5[[#This Row],[Transaksi]]) -> 423000 | N8: =IF(AND(M8>'Misi 5-1'!L6,L8>5),"20%","-") -> - | P8: CAB004-00003 | Q8: =SUMIFS(Table_1[Jumlah Pembelian],Table_1[kode transaksi],Table_6[[#This Row],[Transaksi]]) -> 3 | R8: =SUMIFS(Table_1[Revenue],Table_1[kode transaksi],Table_6[[#This Row],[Transaksi]]) -> 495000 | S8: =IF(AND(R8>'Misi 5-1'!Q6,Q8>5),"20%","-") -> -
A9: CAB001-00004 | B9: =SUMIFS(Table_1[Jumlah Pembelian],Table_1[kode transaksi],Table_3[[#This Row],[Transaksi]]) -> 1 | C9: =SUMIFS(Table_1[Revenue],Table_1[kode transaksi],Table_3[[#This Row],[Transaksi]]) -> 231000 | D9: =IF(AND(C9>'Misi 5-1'!B7,B9>5),"20%","-") -> - | F9: CAB002-00004 | G9: =SUMIFS(Table_1[Jumlah Pembelian],Table_1[kode transaksi],Table_4[[#This Row],[Transaksi]]) -> 5 | H9: =SUMIFS(Table_1[Revenue],Table_1[kode transaksi],Table_4[[#This Row],[Transaksi]]) -> 669000 | I9: =IF(AND(H9>'Misi 5-1'!G7,G9>5),"20%","-") -> - | K9: CAB003-00004 | L9: =SUMIFS(Table_1[Jumlah Pembelian],Table_1[kode transaksi],Table_5[[#This Row],[Transaksi]]) -> 7 | M9: =SUMIFS(Table_1[Revenue],Table_1[kode transaksi],Table_5[[#This Row],[Transaksi]]) -> 2580000 | N9: =IF(AND(M9>'Misi 5-1'!L7,L9>5),"20%","-") -> 20% | P9: CAB004-00004 | Q9: =SUMIFS(Table_1[Jumlah Pembelian],Table_1[kode transaksi],Table_6[[#This Row],[Transaksi]]) -> 1 | R9: =SUMIFS(Table_1[Revenue],Table_1[kode transaksi],Table_6[[#This Row],[Transaksi]]) -> 288000 | S9: =IF(AND(R9>'Misi 5-1'!Q7,Q9>5),"20%","-") -> -
A10: CAB001-00005 | B10: =SUMIFS(Table_1[Jumlah Pembelian],Table_1[kode transaksi],Table_3[[#This Row],[Transaksi]]) -> 3 | C10: =SUMIFS(Table_1[Revenue],Table_1[kode transaksi],Table_3[[#This Row],[Transaksi]]) -> 594000 | D10: =IF(AND(C10>'Misi 5-1'!B8,B10>5),"20%","-") -> - | F10: CAB002-00005 | G10: =SUMIFS(Table_1[Jumlah Pembelian],Table_1[kode transaksi],Table_4[[#This Row],[Transaksi]]) -> 5 | H10: =SUMIFS(Table_1[Revenue],Table_1[kode transaksi],Table_4[[#This Row],[Transaksi]]) -> 774000 | I10: =IF(AND(H10>'Misi 5-1'!G8,G10>5),"20%","-") -> - | K10: CAB003-00005 | L10: =SUMIFS(Table_1[Jumlah Pembelian],Table_1[kode transaksi],Table_5[[#This Row],[Transaksi]]) -> 2 | M10: =SUMIFS(Table_1[Revenue],Table_1[kode transaksi],Table_5[[#This Row],[Transaksi]]) -> 1410000 | N10: =IF(AND(M10>'Misi 5-1'!L8,L10>5),"20%","-") -> - | P10: CAB004-00005 | Q10: =SUMIFS(Table_1[Jumlah Pembelian],Table_1[kode transaksi],Table_6[[#This Row],[Transaksi]]) -> 6 | R10: =SUMIFS(Table_1[Revenue],Table_1[kode transaksi],Table_6[[#This Row],[Transaksi]]) -> 1944000 | S10: =IF(AND(R10>'Misi 5-1'!Q8,Q10>5),"20%","-") -> 20%
A11: CAB001-00006 | B11: =SUMIFS(Table_1[Jumlah Pembelian],Table_1[kode transaksi],Table_3[[#This Row],[Transaksi]]) -> 6 | C11: =SUMIFS(Table_1[Revenue],Table_1[kode transaksi],Table_3[[#This Row],[Transaksi]]) -> 864000 | D11: =IF(AND(C11>'Misi 5-1'!B9,B11>5),"20%","-") -> 20% | F11: CAB002-00006 | G11: =SUMIFS(Table_1[Jumlah Pembelian],Table_1[kode transaksi],Table_4[[#This Row],[Transaksi]]) -> 5 | H11: =SUMIFS(Table_1[Revenue],Table_1[kode transaksi],Table_4[[#This Row],[Transaksi]]) -> 1485000 | I11: =IF(AND(H11>'Misi 5-1'!G9,G11>5),"20%","-") -> - | K11: CAB003-00006 | L11: =SUMIFS(Table_1[Jumlah Pembelian],Table_1[kode transaksi],Table_5[[#This Row],[Transaksi]]) -> 7 | M11: =SUMIFS(Table_1[Revenue],Table_1[kode transaksi],Table_5[[#This Row],[Transaksi]]) -> 1893000 | N11: =IF(AND(M11>'Misi 5-1'!L9,L11>5),"20%","-") -> 20% | P11: CAB004-00006 | Q11: =SUMIFS(Table_1[Jumlah Pembelian],Table_1[kode transaksi],Table_6[[#This Row],[Transaksi]]) -> 8 | R11: =SUMIFS(Table_1[Revenue],Table_1[kode transaksi],Table_6[[#This Row],[Transaksi]]) -> 2148000 | S11: =IF(AND(R11>'Misi 5-1'!Q9,Q11>5),"20%","-") -> 20%
A12: CAB001-00007 | B12: =SUMIFS(Table_1[Jumlah Pembelian],Table_1[kode transaksi],Table_3[[#This Row],[Transaksi]]) -> 5 | C12: =SUMIFS(Table_1[Revenue],Table_1[kode transaksi],Table_3[[#This Row],[Transaksi]]) -> 2097000 | D12: =IF(AND(C12>'Misi 5-1'!B10,B12>5),"20%","-") -> - | F12: CAB002-00007 | G12: =SUMIFS(Table_1[Jumlah Pembelian],Table_1[kode transaksi],Table_4[[#This Row],[Transaksi]]) -> 3 | H12: =SUMIFS(Table_1[Revenue],Table_1[kode transaksi],Table_4[[#This Row],[Transaksi]]) -> 225000 | I12: =IF(AND(H12>'Misi 5-1'!G10,G12>5),"20%","-") -> - | K12: CAB003-00007 | L12: =SUMIFS(Table_1[Jumlah Pembelian],Table_1[kode transaksi],Table_5[[#This Row],[Transaksi]]) -> 2 | M12: =SUMIFS(Table_1[Revenue],Table_1[kode transaksi],Table_5[[#This Row],[Transaksi]]) -> 282000 | N12: =IF(AND(M12>'Misi 5-1'!L10,L12>5),"20%","-") -> - | P12: CAB004-00007 | Q12: =SUMIFS(Table_1[Jumlah Pembelian],Table_1[kode transaksi],Table_6[[#This Row],[Transaksi]]) -> 7 | R12: =SUMIFS(Table_1[Revenue],Table_1[kode transaksi],Table_6[[#This Row],[Transaksi]]) -> 2604000 | S12: =IF(AND(R12>'Misi 5-1'!Q10,Q12>5),"20%","-") -> 20%
A13: CAB001-00008 | B13: =SUMIFS(Table_1[Jumlah Pembelian],Table_1[kode transaksi],Table_3[[#This Row],[Transaksi]]) -> 7 | C13: =SUMIFS(Table_1[Revenue],Table_1[kode transaksi],Table_3[[#This Row],[Transaksi]]) -> 2859000 | D13: =IF(AND(C13>'Misi 5-1'!B11,B13>5),"20%","-") -> 20% | F13: CAB002-00008 | G13: =SUMIFS(Table_1[Jumlah Pembelian],Table_1[kode transaksi],Table_4[[#This Row],[Transaksi]]) -> 3 | H13: =SUMIFS(Table_1[Revenue],Table_1[kode transaksi],Table_4[[#This Row],[Transaksi]]) -> 345000 | I13: =IF(AND(H13>'Misi 5-1'!G11,G13>5),"20%","-") -> - | K13: CAB003-00008 | L13: =SUMIFS(Table_1[Jumlah Pembelian],Table_1[kode transaksi],Table_5[[#This Row],[Transaksi]]) -> 3 | M13: =SUMIFS(Table_1[Revenue],Table_1[kode transaksi],Table_5[[#This Row],[Transaksi]]) -> 564000 | N13: =IF(AND(M13>'Misi 5-1'!L11,L13>5),"20%","-") -> - | P13: CAB004-00008 | Q13: =SUMIFS(Table_1[Jumlah Pembelian],Table_1[kode transaksi],Table_6[[#This Row],[Transaksi]]) -> 3 | R13: =SUMIFS(Table_1[Revenue],Table_1[kode transaksi],Table_6[[#This Row],[Transaksi]]) -> 738000 | S13: =IF(AND(R13>'Misi 5-1'!Q11,Q13>5),"20%","-") -> -
A14: CAB001-00009 | B14: =SUMIFS(Table_1[Jumlah Pembelian],Table_1[kode transaksi],Table_3[[#This Row],[Transaksi]]) -> 4 | C14: =SUMIFS(Table_1[Revenue],Table_1[kode transaksi],Table_3[[#This Row],[Transaksi]]) -> 1059000 | D14: =IF(AND(C14>'Misi 5-1'!B12,B14>5),"20%","-") -> - | F14: CAB002-00009 | G14: =SUMIFS(Table_1[Jumlah Pembelian],Table_1[kode transaksi],Table_4[[#This Row],[Transaksi]]) -> 9 | H14: =SUMIFS(Table_1[Revenue],Table_1[kode transaksi],Table_4[[#This Row],[Transaksi]]) -> 1734000 | I14: =IF(AND(H14>'Misi 5-1'!G12,G14>5),"20%","-") -> 20% | K14: CAB003-00009 | L14: =SUMIFS(Table_1[Jumlah Pembelian],Table_1[kode transaksi],Table_5[[#This Row],[Transaksi]]) -> 4 | M14: =SUMIFS(Table_1[Revenue],Table_1[kode transaksi],Table_5[[#This Row],[Transaksi]]) -> 942000 | N14: =IF(AND(M14>'Misi 5-1'!L12,L14>5),"20%","-") -> - | P14: CAB004-00009 | Q14: =SUMIFS(Table_1[Jumlah Pembelian],Table_1[kode transaksi],Table_6[[#This Row],[Transaksi]]) -> 2 | R14: =SUMIFS(Table_1[Revenue],Table_1[kode transaksi],Table_6[[#This Row],[Transaksi]]) -> 441000 | S14: =IF(AND(R14>'Misi 5-1'!Q12,Q14>5),"20%","-") -> -
A15: CAB001-00010 | B15: =SUMIFS(Table_1[Jumlah Pembelian],Table_1[kode transaksi],Table_3[[#This Row],[Transaksi]]) -> 3 | C15: =SUMIFS(Table_1[Revenue],Table_1[kode transaksi],Table_3[[#This Row],[Transaksi]]) -> 225000 | D15: =IF(AND(C15>'Misi 5-1'!B13,B15>5),"20%","-") -> - | F15: CAB002-00010 | G15: =SUMIFS(Table_1[Jumlah Pembelian],Table_1[kode transaksi],Table_4[[#This Row],[Transaksi]]) -> 4 | H15: =SUMIFS(Table_1[Revenue],Table_1[kode transaksi],Table_4[[#This Row],[Transaksi]]) -> 486000 | I15: =IF(AND(H15>'Misi 5-1'!G13,G15>5),"20%","-") -> - | K15: CAB003-00010 | L15: =SUMIFS(Table_1[Jumlah Pembelian],Table_1[kode transaksi],Table_5[[#This Row],[Transaksi]]) -> 5 | M15: =SUMIFS(Table_1[Revenue],Table_1[kode transaksi],Table_5[[#This Row],[Transaksi]]) -> 1761000 | N15: =IF(AND(M15>'Misi 5-1'!L13,L15>5),"20%","-") -> - | P15: CAB004-00010 | Q15: =SUMIFS(Table_1[Jumlah Pembelian],Table_1[kode transaksi],Table_6[[#This Row],[Transaksi]]) -> 5 | R15: =SUMIFS(Table_1[Revenue],Table_1[kode transaksi],Table_6[[#This Row],[Transaksi]]) -> 885000 | S15: =IF(AND(R15>'Misi 5-1'!Q13,Q15>5),"20%","-") -> -
A16: CAB001-00011 | B16: =SUMIFS(Table_1[Jumlah Pembelian],Table_1[kode transaksi],Table_3[[#This Row],[Transaksi]]) -> 9 | C16: =SUMIFS(Table_1[Revenue],Table_1[kode transaksi],Table_3[[#This Row],[Transaksi]]) -> 3765000 | D16: =IF(AND(C16>'Misi 5-1'!B14,B16>5),"20%","-") -> 20% | F16: CAB002-00011 | G16: =SUMIFS(Table_1[Jumlah Pembelian],Table_1[kode transaksi],Table_4[[#This Row],[Transaksi]]) -> 6 | H16: =SUMIFS(Table_1[Revenue],Table_1[kode transaksi],Table_4[[#This Row],[Transaksi]]) -> 1368000 | I16: =IF(AND(H16>'Misi 5-1'!G14,G16>5),"20%","-") -> 20% | K16: CAB003-00011 | L16: =SUMIFS(Table_1[Jumlah Pembelian],Table_1[kode transaksi],Table_5[[#This Row],[Transaksi]]) -> 8 | M16: =SUMIFS(Table_1[Revenue],Table_1[kode transaksi],Table_5[[#This Row],[Transaksi]]) -> 1386000 | N16: =IF(AND(M16>'Misi 5-1'!L14,L16>5),"20%","-") -> 20% | P16: CAB004-00011 | Q16: =SUMIFS(Table_1[Jumlah Pembelian],Table_1[kode transaksi],Table_6[[#This Row],[Transaksi]]) -> 1 | R16: =SUMIFS(Table_1[Revenue],Table_1[kode transaksi],Table_6[[#This Row],[Transaksi]]) -> 135000 | S16: =IF(AND(R16>'Misi 5-1'!Q14,Q16>5),"20%","-") -> -
A17: CAB001-00012 | B17: =SUMIFS(Table_1[Jumlah Pembelian],Table_1[kode transaksi],Table_3[[#This Row],[Transaksi]]) -> 5 | C17: =SUMIFS(Table_1[Revenue],Table_1[kode transaksi],Table_3[[#This Row],[Transaksi]]) -> 786000 | D17: =IF(AND(C17>'Misi 5-1'!B15,B17>5),"20%","-") -> - | F17: CAB002-00012 | G17: =SUMIFS(Table_1[Jumlah Pembelian],Table_1[kode transaksi],Table_4[[#This Row],[Transaksi]]) -> 3 | H17: =SUMIFS(Table_1[Revenue],Table_1[kode transaksi],Table_4[[#This Row],[Transaksi]]) -> 2115000 | I17: =IF(AND(H17>'Misi 5-1'!G15,G17>5),"20%","-") -> - | K17: CAB003-00012 | L17: =SUMIFS(Table_1[Jumlah Pembelian],Table_1[kode transaksi],Table_5[[#This Row],[Transaksi]]) -> 3 | M17: =SUMIFS(Table_1[Revenue],Table_1[kode transaksi],Table_5[[#This Row],[Transaksi]]) -> 450000 | N17: =IF(AND(M17>'Misi 5-1'!L15,L17>5),"20%","-") -> - | P17: CAB004-00012 | Q17: =SUMIFS(Table_1[Jumlah Pembelian],Table_1[kode transaksi],Table_6[[#This Row],[Transaksi]]) -> 5 | R17: =SUMIFS(Table_1[Revenue],Table_1[kode transaksi],Table_6[[#This Row],[Transaksi]]) -> 1896000 | S17: =IF(AND(R17>'Misi 5-1'!Q15,Q17>5),"20%","-") -> -
... A37: CAB001-00032 | B37: =SUMIFS(Table_1[Jumlah Pembelian],Table_1[kode transaksi],Table_3[[#This Row],[Transaksi]]) -> 1 | C37: =SUMIFS(Table_1[Revenue],Table_1[kode transaksi],Table_3[[#This Row],[Transaksi]]) -> 597000 | D37: =IF(AND(C37>'Misi 5-1'!B35,B37>5),"20%","-") -> - | F37: CAB002-00032 | G37: =SUMIFS(Table_1[Jumlah Pembelian],Table_1[kode transaksi],Table_4[[#This Row],[Transaksi]]) -> 5 | H37: =SUMIFS(Table_1[Revenue],Table_1[kode transaksi],Table_4[[#This Row],[Transaksi]]) -> 1833000 | I37: =IF(AND(H37>'Misi 5-1'!G35,G37>5),"20%","-") -> - | K37: CAB003-00032 | L37: =SUMIFS(Table_1[Jumlah Pembelian],Table_1[kode transaksi],Table_5[[#This Row],[Transaksi]]) -> 3 | M37: =SUMIFS(Table_1[Revenue],Table_1[kode transaksi],Table_5[[#This Row],[Transaksi]]) -> 1797000 | N37: =IF(AND(M37>'Misi 5-1'!L35,L37>5),"20%","-") -> - | P37: CAB004-00032 | Q37: =SUMIFS(Table_1[Jumlah Pembelian],Table_1[kode transaksi],Table_6[[#This Row],[Transaksi]]) -> 1 | R37: =SUMIFS(Table_1[Revenue],Table_1[kode transaksi],Table_6[[#This Row],[Transaksi]]) -> 231000 | S37: =IF(AND(R37>'Misi 5-1'!Q35,Q37>5),"20%","-") -> -
F38: CAB002-00033 | G38: =SUMIFS(Table_1[Jumlah Pembelian],Table_1[kode transaksi],Table_4[[#This Row],[Transaksi]]) -> 3 | H38: =SUMIFS(Table_1[Revenue],Table_1[kode transaksi],Table_4[[#This Row],[Transaksi]]) -> 678000 | I38: =IF(AND(H38>'Misi 5-1'!G36,G38>5),"20%","-") -> - | K38: CAB003-00033 | L38: =SUMIFS(Table_1[Jumlah Pembelian],Table_1[kode transaksi],Table_5[[#This Row],[Transaksi]]) -> 2 | M38: =SUMIFS(Table_1[Revenue],Table_1[kode transaksi],Table_5[[#This Row],[Transaksi]]) -> 384000 | N38: =IF(AND(M38>'Misi 5-1'!L36,L38>5),"20%","-") -> - | P38: CAB004-00033 | Q38: =SUMIFS(Table_1[Jumlah Pembelian],Table_1[kode transaksi],Table_6[[#This Row],[Transaksi]]) -> 5 | R38: =SUMIFS(Table_1[Revenue],Table_1[kode transaksi],Table_6[[#This Row],[Transaksi]]) -> 729000 | S38: =IF(AND(R38>'Misi 5-1'!Q36,Q38>5),"20%","-") -> -
K39: CAB003-00034 | L39: =SUMIFS(Table_1[Jumlah Pembelian],Table_1[kode transaksi],Table_5[[#This Row],[Transaksi]]) -> 12 | M39: =SUMIFS(Table_1[Revenue],Table_1[kode transaksi],Table_5[[#This Row],[Transaksi]]) -> 2403000 | N39: =IF(AND(M39>'Misi 5-1'!L37,L39>5),"20%","-") -> 20% | P39: CAB004-00034 | Q39: =SUMIFS(Table_1[Jumlah Pembelian],Table_1[kode transaksi],Table_6[[#This Row],[Transaksi]]) -> 3 | R39: =SUMIFS(Table_1[Revenue],Table_1[kode transaksi],Table_6[[#This Row],[Transaksi]]) -> 63000 | S39: =IF(AND(R39>'Misi 5-1'!Q37,Q39>5),"20%","-") -> -
A40: Jumlah pelanggan mendapat voucher diskon : | D40: =COUNTIF(Table_3[[#All],[Diskon]],"20%") -> 11 | K40: CAB003-00035 | L40: =SUMIFS(Table_1[Jumlah Pembelian],Table_1[kode transaksi],Table_5[[#This Row],[Transaksi]]) -> 4 | M40: =SUMIFS(Table_1[Revenue],Table_1[kode transaksi],Table_5[[#This Row],[Transaksi]]) -> 1059000 | N40: =IF(AND(M40>'Misi 5-1'!L38,L40>5),"20%","-") -> - | P40: CAB004-00035 | Q40: =SUMIFS(Table_1[Jumlah Pembelian],Table_1[kode transaksi],Table_6[[#This Row],[Transaksi]]) -> 5 | R40: =SUMIFS(Table_1[Revenue],Table_1[kode transaksi],Table_6[[#This Row],[Transaksi]]) -> 1677000 | S40: =IF(AND(R40>'Misi 5-1'!Q38,Q40>5),"20%","-") -> -
F41: Jumlah pelanggan mendapat voucher diskon : | I41: =COUNTIF(Table_4[[#All],[Diskon]],"20%") -> 9 | K41: CAB003-00036 | L41: =SUMIFS(Table_1[Jumlah Pembelian],Table_1[kode transaksi],Table_5[[#This Row],[Transaksi]]) -> 6 | M41: =SUMIFS(Table_1[Revenue],Table_1[kode transaksi],Table_5[[#This Row],[Transaksi]]) -> 1257000 | N41: =IF(AND(M41>'Misi 5-1'!L39,L41>5),"20%","-") -> 20%
P43: Jumlah pelanggan mendapat voucher diskon : | S43: =COUNTIF(Table_6[[#All],[Diskon]],"20%") -> 9
K44: Jumlah pelanggan mendapat voucher diskon : | N44: =COUNTIF(Table_5[[#All],[Diskon]],"20%") -> 12
